OBJECTID,ATTRIBUTE,WETLAND_TYPE,ACRES,GLOBALID,ShapeSTArea,ShapeSTLength
1,PEMAf,Freshwater Emergent Wetland,1.09560547,{31E8E4CF-6EAD-4DD0-A564-F48629130C59},4430.465164,309.7583296
2,PFO1/4Bg,Freshwater Forested/Shrub Wetland,17.49108287,{B58C9857-22A5-41FC-8CB5-BE5B2E779947},70753.8445,1813.272448
3,PEMC,Freshwater Emergent Wetland,16.54896786,{91D95309-C649-4892-BE7F-73182BC5B365},66933.80243,1369.590996
4,PFO1C,Freshwater Forested/Shrub Wetland,5.21753576,{5A2CCEA2-6FDA-41C3-A3D2-3361245C1076},21098.42093,1101.384212
5,PEMC,Freshwater Emergent Wetland,11.6016696,{88CBEE2D-6DAC-426C-B51C-9B4DC5D0A3A0},46926.85115,985.3290527
6,PFO1C,Freshwater Forested/Shrub Wetland,9.4043713,{5AED4F44-48BA-45DC-BC62-6C1E74AB7F60},38030.85703,1632.712366
7,PFOB,Freshwater Forested/Shrub Wetland,2.44808322,{B9E0DB08-D5C0-45EA-BA59-8094093775A6},9900.427963,368.8380704
8,PFO1C,Freshwater Forested/Shrub Wetland,5.11186705,{629CF980-959B-4AC0-8D75-6DC730B8CEF5},20672.56807,659.4566331
9,PSS/EMC,Freshwater Forested/Shrub Wetland,16.15089273,{D89B2E00-53B2-4015-BF6C-2974706D7094},65320.69336,1294.192204
10,PUBG,Freshwater Pond,0.28436619,{40EFBEBB-272A-4B7D-87E9-AF6D623B3676},1149.869453,136.2852442
11,PFO1B,Freshwater Forested/Shrub Wetland,2.06369256,{B97A5986-461D-45DA-AE47-169851CAE596},8345.601425,387.7308485
12,PUBH,Freshwater Pond,5.62088227,{8E5274FA-93F3-42F9-A98D-8C9274936599},22735.39383,667.1702239
13,PSS1C,Freshwater Forested/Shrub Wetland,5.07372522,{8A8E985B-4B54-4D0E-89B7-2FCC59D70042},20520.45573,1083.880517
14,PFOB,Freshwater Forested/Shrub Wetland,0.43971026,{745F7A55-E3FA-49DC-A740-C0C98262D961},1778.894012,156.4598303
15,PUBH,Freshwater Pond,0.69226874,{63C2F98D-93E2-4688-90A4-D4E9782C0181},2799.277588,210.2909167
16,PSS3/1B,Freshwater Forested/Shrub Wetland,17.5863219,{062124A2-1C14-410F-A9E0-2D640E1C78B8},71113.12154,1910.543154
17,PFO1C,Freshwater Forested/Shrub Wetland,12.14791512,{49FDF5DA-0E65-4122-9AAD-FCE11ADE312A},49122.78651,1106.331197
18,PFO1C,Freshwater Forested/Shrub Wetland,8.76292762,{0EFA1C6F-7525-475C-AC0B-5282D5A16913},35436.64626,1727.628167
19,PFO4B,Freshwater Forested/Shrub Wetland,5.58451691,{E566730C-2F0C-4CFA-8CE6-B44105F86095},22582.2881,882.2247702
20,PEMA,Freshwater Emergent Wetland,0.14976252,{7E59BCBB-9336-434C-970F-24D027A40EB6},605.5965042,94.55751585
21,PFO/SSC,Freshwater Forested/Shrub Wetland,4.94609501,{551A79E2-40C3-4802-8297-F6C6CD8D0119},20011.89453,650.9843751
22,PEMC,Freshwater Emergent Wetland,1.14677685,{2379A622-8A16-4B8D-8B36-9909A55734FD},4637.202591,274.9949283
23,PEM1C,Freshwater Emergent Wetland,13.37712251,{090944A8-FC87-4DC6-A10B-F1946B5439E8},54125.90269,985.2952735
24,PEMC,Freshwater Emergent Wetland,0.87124397,{5F5E5475-3B3D-4686-A2E2-0C040BDF0F90},3522.990433,251.3184936
25,PSS1C,Freshwater Forested/Shrub Wetland,0.282164,{D1E8B86A-D55C-438E-9F38-8FAFAE396B25},1140.995224,127.4512747
26,PEMC,Freshwater Emergent Wetland,0.2993855,{CCF4A586-387B-43D0-8433-60590E02835B},1210.604279,130.3699555
27,PSS1B,Freshwater Forested/Shrub Wetland,4.7207082,{322E00AE-6121-4354-BB83-429E6AE45854},19094.63388,844.6798478
28,PFO1C,Freshwater Forested/Shrub Wetland,1.04066954,{E95B5D42-73D8-4241-BCA8-2BE74CE31F2D},4208.709763,312.7193539
29,PEMC,Freshwater Emergent Wetland,34.76689195,{CBCAA984-E19C-4505-BA93-45CE5335F6C6},140674.3791,3193.756342
30,PUBGx,Freshwater Pond,0.40698818,{FA0A5E07-8235-4D12-8B55-FD30123E8D1C},1645.730309,203.3575102
31,PFO1C,Freshwater Forested/Shrub Wetland,0.71131294,{485AD31C-2709-4009-BDEC-2141C821D4E3},2876.784271,204.6580085
32,L1UBH,Lake,31.77918917,{F7613A8E-94AA-42EC-84B6-60A32890308D},128511.9402,1772.86531
33,PUBH,Freshwater Pond,2.74987994,{8E7535B2-8003-4790-B488-DEB7C6F7F55D},11120.84218,508.6350312
34,PFO1C,Freshwater Forested/Shrub Wetland,8.4320932,{B87BA915-A60A-469D-B32D-49522CAEFD06},34101.48,1577.365665
35,PABG,Freshwater Pond,0.34852642,{8A6A94F1-BD25-4F9B-8849-8810C1AE0AEF},1409.88002,152.6181493
36,PSS1C,Freshwater Forested/Shrub Wetland,34.32240438,{54B68C00-992D-41B1-94E1-9361AFEC0BC2},138843.5381,4974.112457
37,PUBG,Freshwater Pond,0.58738485,{882161FE-D835-4A3F-9DA0-E5313D97E4BC},2375.209801,182.8931585
38,PFO1C,Freshwater Forested/Shrub Wetland,0.79913181,{3FE2DE32-56D9-4960-81E7-182548C37A92},3231.386002,222.878887
39,PUBGh,Freshwater Pond,0.02940255,{6CD27C91-A848-4FC8-A0BF-24122DFD60A1},118.9003601,44.37272796
40,PFOB,Freshwater Forested/Shrub Wetland,3.68347875,{46DB5C06-F566-44D3-A0A5-799E0C95CF71},14909.85507,521.0027479
41,PFO1B,Freshwater Forested/Shrub Wetland,0.28824647,{A201D876-1805-4CEF-AF14-E5DF8632BB75},1165.631027,124.9497452
42,PEMC,Freshwater Emergent Wetland,4.54999422,{E8862F8E-35A8-4CBC-967B-201D6B6DE082},18411.57773,581.9065004
43,PFO/SSC,Freshwater Forested/Shrub Wetland,4.59929277,{213BC129-0228-4A84-8BB7-CB771BCA5728},18601.25365,823.413648
44,PUBGx,Freshwater Pond,0.40048845,{6B466C12-AA14-408D-A5D2-CA1D1B409983},1619.479492,178.1673855
45,PEMCd,Freshwater Emergent Wetland,1.7448266,{B0D4F860-E81C-463A-BFF7-347E4200C66B},7056.468384,494.4177376
46,PEMB,Freshwater Emergent Wetland,4.41242899,{EFBF0230-E3C7-4AF9-9560-F435564F0684},17843.40686,952.1363868
47,PFOC,Freshwater Forested/Shrub Wetland,0.06892421,{BD7CC92F-B40D-420B-B207-6DA517997B67},278.7151947,62.53569881
48,Pf,Other,0.19037416,{1F8910D5-87DF-4787-9082-44722E6A3EBB},769.839653,104.943209
49,PUBGx,Freshwater Pond,0.62099069,{154E909C-B439-45DE-BFA6-D232068E0C64},2511.170731,194.2453552
50,PEMB,Freshwater Emergent Wetland,0.37751602,{66ADD454-FB8B-4039-95DA-0AC9EE78E34E},1526.801987,167.6697544
51,PFO1C,Freshwater Forested/Shrub Wetland,0.39955508,{C5B2C239-1B8E-4E65-9DE0-C2E8E5FD6D73},1615.684799,165.8550338
52,PUBG,Freshwater Pond,3.6776091,{C06D754E-BA4A-4BC8-9373-1E5E2C3D4690},14872.42971,511.1969397
53,PSSC,Freshwater Forested/Shrub Wetland,10.73918677,{DFA209DD-C334-4168-885B-D0331639706B},43441.99506,931.0988355
54,PUBFx,Freshwater Pond,0.11924821,{3EAEF616-B672-4A56-930C-2DE408C3F650},482.1990891,84.95406463
55,PEMC,Freshwater Emergent Wetland,1.64887103,{265F3A40-030B-4D34-94C6-C68FE106DE0A},6667.493958,513.4732083
56,PSS1C,Freshwater Forested/Shrub Wetland,0.28969341,{0E9A115E-3965-4678-98F4-365749891746},1171.545105,147.2846367
57,PSSC,Freshwater Forested/Shrub Wetland,36.12665295,{95A5976F-C71B-40F8-BBD5-033A8F3F4CCA},146129.4459,2725.484754
58,PEMA,Freshwater Emergent Wetland,0.2862289,{6372BCFF-DDCB-4D8E-A543-97B898CB956B},1157.408356,137.2947953
59,PFOCd,Freshwater Forested/Shrub Wetland,34.29835855,{63CE51C5-0DA2-4E7A-8955-EE292330CB06},138692.0416,3713.339105
60,PUBHx,Freshwater Pond,0.72302773,{4A023D9E-2E67-4C4F-9C06-0DF8D25F3DCA},2924.802826,367.3030846
61,PSSB,Freshwater Forested/Shrub Wetland,0.57010495,{F90E1C80-F963-4C8B-8F69-FAB32D2343B4},2305.735031,225.9996905
62,PEMC,Freshwater Emergent Wetland,0.3728339,{86695089-69EE-4C34-ACFA-1AF2B40ABFA2},1507.812866,144.1887301
63,PFO/SSC,Freshwater Forested/Shrub Wetland,0.27238468,{923C9FC3-5DA3-45B9-9281-60AC93BE299A},1101.694733,123.7885135
64,PFO1B,Freshwater Forested/Shrub Wetland,1.63082025,{8F107BF7-61F4-4B0E-890F-8597E1CE229C},6596.944984,311.8984835
65,PFO4B,Freshwater Forested/Shrub Wetland,26.8394562,{9C4732AA-FEA2-4F37-8985-CDCAF35DDC94},108531.1791,3893.760793
66,PFOB,Freshwater Forested/Shrub Wetland,0.6403007,{9F93E97C-6238-41BD-AE15-549087216164},2589.737823,221.5662552
67,PUBGx,Freshwater Pond,0.33839327,{8EF9A72F-0D6E-4803-B165-2B883EAAB23A},1368.354813,165.2820943
68,PFOB,Freshwater Forested/Shrub Wetland,0.68072031,{FE0820FF-6B69-4A17-9811-FC9BB6CBFEAC},2755.542999,217.3124513
69,PEMC,Freshwater Emergent Wetland,0.66529334,{A6DFD3F7-E651-4210-86D6-6F8249D249C2},2690.666031,227.7751212
70,PFO1C,Freshwater Forested/Shrub Wetland,15.47770984,{573CE7C9-154F-4F5A-B7CF-1AE26407F1CA},62608.23613,1423.034687
71,PEMC,Freshwater Emergent Wetland,1.00111965,{BE2D001A-4B8B-4FE8-848C-B5E8FE265D1E},4048.180283,239.7599333
72,PEMAd,Freshwater Emergent Wetland,1.55485003,{70442961-39DC-4BC6-9B03-BBAB4B9B3D3F},6287.37381,346.7762047
73,PSS3B,Freshwater Forested/Shrub Wetland,176.7092237,{54A04BEA-EF4D-412E-BCEF-62F210E514E5},714740.3353,5081.62006
74,PEMC,Freshwater Emergent Wetland,6.2866294,{2BB83FA4-D924-41D5-903E-386D9E19D3AF},25439.07996,1043.731806
75,PSS3B,Freshwater Forested/Shrub Wetland,3.25962222,{CD04302F-FDDA-4C2C-B11B-FC41CBCCF40C},13180.73135,459.0842516
76,PSS1C,Freshwater Forested/Shrub Wetland,1.23503722,{E19127BF-C30C-4AFE-8D0F-781E15AB0C8F},4994.611252,273.7327255
77,PFO1B,Freshwater Forested/Shrub Wetland,19.01924984,{A2294A82-6C80-49FE-A667-025E30B9D3C6},76907.79196,1233.565523
78,PFO4/1B,Freshwater Forested/Shrub Wetland,38.08544287,{A23F3E0C-B95B-4AC3-9BD0-D895D4A20DF7},154103.1816,2026.949579
79,PFO1C,Freshwater Forested/Shrub Wetland,0.52459888,{A52B8BF9-7E3D-427A-B5EA-58507C400766},2121.703957,192.050509
80,PUBGx,Freshwater Pond,0.20764338,{E2353C48-C6BF-4DEC-BE38-F496B15B5498},839.6340332,112.0473278
81,PSS1C,Freshwater Forested/Shrub Wetland,0.43295623,{5C3C9D43-11F7-4DA1-8587-2730BC897561},1751.044525,163.2217862
82,PEMC,Freshwater Emergent Wetland,8.04783215,{8B7DFA09-3378-43F1-8129-12EE22F4453E},32564.34106,819.0202605
83,PEMA,Freshwater Emergent Wetland,0.60239164,{D232E889-2548-431B-B241-B25D41F80162},2435.899582,199.4822793
84,PEMC,Freshwater Emergent Wetland,4.07800548,{C015F0CC-BD12-4996-BB30-6A4A375ACEC7},16490.38425,872.4484966
85,PEMCd,Freshwater Emergent Wetland,0.12712365,{52690555-9257-4D2B-9D80-3795486AA877},514.0520477,84.32647095
86,PFO1B,Freshwater Forested/Shrub Wetland,48.78379884,{292EB9D5-E354-440F-8FBD-AD97D5537690},197267.7369,2856.258725
87,PFOC,Freshwater Forested/Shrub Wetland,19.15101698,{83B864C7-5D4F-4825-842B-36F8A83D5478},77442.59314,2154.376715
88,PFO4B,Freshwater Forested/Shrub Wetland,2.26256084,{BC46850D-23D8-41AF-B12B-54687815439A},9151.873749,589.4739341
89,PFO/SSC,Freshwater Forested/Shrub Wetland,28.76033405,{245D8964-5AC7-466A-B11D-51B358C9B556},116302.0541,2119.53619
90,PUBGx,Freshwater Pond,0.17791912,{571524E5-A504-4AF2-BA26-6479A5F6E8B2},719.5772705,109.3983888
91,L1UBH,Lake,55.43849254,{5ED76C73-B6E7-4484-A5CB-470808929D5A},224247.1937,2251.910926
92,PEMC,Freshwater Emergent Wetland,0.20925993,{A8E303B2-7E72-489E-B98A-2178F5B609DE},846.1893463,109.143706
93,PFO1C,Freshwater Forested/Shrub Wetland,5.74953441,{99BF2EF2-E036-4851-8CB3-59E873DC9B3C},23260.71088,1268.098395
94,PSS1C,Freshwater Forested/Shrub Wetland,0.62773785,{216D5044-37C6-406F-872C-2C9C2640F34B},2538.337997,206.8561919
95,PFO1A,Freshwater Forested/Shrub Wetland,0.58372723,{EB039090-FE07-4C94-8D38-4B07F88E2B6A},2360.393372,207.3787542
96,PUBF,Freshwater Pond,12.75279632,{58A0783B-7D23-4E42-9B8C-E3C7BA28B383},51570.09482,986.708245
97,PSS1/3B,Freshwater Forested/Shrub Wetland,201.9968522,{BCFFF47B-0A8C-4542-B473-E5C74DAEA822},816946.8461,7449.258446
98,PAB4F,Freshwater Pond,1.47722708,{9F60730C-0CB1-472F-AB5D-F7871AA19917},5973.359581,370.3187129
99,PEMA,Freshwater Emergent Wetland,0.98957087,{3AB62B2C-BC20-4343-BD91-02C6C364AEA9},4001.916153,262.8262487
100,PFOB,Freshwater Forested/Shrub Wetland,1.4532164,{2F859E05-17EA-4A99-83B1-0DA879B12EB1},5878.199142,334.9535626
101,PFO1C,Freshwater Forested/Shrub Wetland,1.03102803,{A6074AE2-FF11-4FEC-9121-9B69326B871A},4169.254486,254.7926099
102,Pf,Other,2.18777745,{B6B8EAB2-DD9C-4F68-A4D9-222D954F2A34},8846.918678,639.7764479
103,PSSB,Freshwater Forested/Shrub Wetland,0.11939536,{C95E695E-5571-40D5-8A1D-17BC641D702D},482.8809052,86.53754395
104,L1UBH,Lake,120.5534852,{048F9DC0-0F54-4DC8-AD1F-80877F3AFE28},487521.1012,4101.771049
105,Pf,Other,0.17958094,{77A496E4-1464-47CC-B7C7-0895A80F2AD7},726.1780548,149.1046953
106,PFO1C,Freshwater Forested/Shrub Wetland,5.13817473,{B2AB462D-ACC2-48E3-A094-7919DF73A2E1},20779.42952,960.5593787
107,PEMC,Freshwater Emergent Wetland,2.14686048,{29068DF9-74DC-4C37-BC67-60D3196E2202},8685.943848,482.3161361
108,PSS1C,Freshwater Forested/Shrub Wetland,14.02973919,{70680060-6297-4177-881C-615D95904BD8},56733.98073,1294.409065
109,L1UBH,Lake,23.54838637,{636AD28D-20A3-42E8-8DC6-9479DF5ABBCD},95220.754,2524.654431
110,PUBG,Freshwater Pond,0.33496479,{64498957-6163-469F-9278-417CC6D53DFF},1354.663422,172.5688182
111,PSS/EMC,Freshwater Forested/Shrub Wetland,78.43540875,{6C28BF41-41DA-4862-BC14-F791DD47244F},317225.3052,8405.049848
112,PUBGx,Freshwater Pond,0.2758942,{8984D647-40D5-41F3-A410-96453E9FCF02},1115.868454,160.2378808
113,PSS/EMC,Freshwater Forested/Shrub Wetland,203.2840926,{A337F7C3-394C-467D-83FD-007AAFE077D5},822081.8596,10772.07633
114,PSSC,Freshwater Forested/Shrub Wetland,1.92014064,{0275ACDD-B996-42A8-8208-C42CC9E98E1B},7765.754822,401.2265458
115,PUBH,Freshwater Pond,0.10393903,{8BE9DBD2-9E7F-4D63-ADE0-5686871CDA36},420.3518524,79.03892786
116,PEMB,Freshwater Emergent Wetland,1.47895039,{7C25CD81-F4DD-49A4-85AE-3A1C373FD83B},5980.852997,534.7744414
117,PFO1A,Freshwater Forested/Shrub Wetland,7.6800125,{7A6E83EF-5D32-4D87-AD0A-A96C28E6F4FA},31055.70876,846.9995925
118,PFO1C,Freshwater Forested/Shrub Wetland,1.81671694,{729F6A4F-1EFF-4D71-95D3-EA759E328849},7346.267609,364.5061359
119,PFO1/4B,Freshwater Forested/Shrub Wetland,7.6065613,{F7582343-D43B-4F93-AEF9-1052D8197E07},30768.58246,1125.634201
120,PEMC,Freshwater Emergent Wetland,0.14368359,{D732EB48-ACD4-4F49-B652-5E629EBC78DD},581.0015411,89.8732205
121,PEMC,Freshwater Emergent Wetland,14.8760757,{2D193592-DC2C-43AA-B851-7E2A89DF2571},60159.39755,1434.593961
122,PEMC,Freshwater Emergent Wetland,0.09985922,{1962BDB4-5F64-445E-BFB2-EBC445C123F8},401.9056473,71.15269018
123,PFOB,Freshwater Forested/Shrub Wetland,1.1856805,{D9AEBC13-CF5B-4BD9-8E09-0911A59EC09A},4796.781403,303.2252358
124,PUBGx,Freshwater Pond,0.14211449,{01187AC2-C838-43A9-858C-2022BE1C7135},574.6575928,88.89106376
125,PSSC,Freshwater Forested/Shrub Wetland,0.96396302,{CD402953-270A-4B99-B28F-19B218088F7A},3898.256836,238.5053281
126,PSS1C,Freshwater Forested/Shrub Wetland,1.11833872,{D1DB3C72-641E-410D-A57E-0978C0A2E06C},4522.449814,281.4607847
127,PUBG,Freshwater Pond,0.55516469,{3BC718D8-D505-4F9A-AEC1-D815AFC77EBF},2244.877747,181.1767113
128,PFO1C,Freshwater Forested/Shrub Wetland,2.05686874,{D64BFB66-FE64-425C-A155-C6C25D2AABB7},8318.366409,395.2263883
129,PUBH,Freshwater Pond,0.74984863,{F7B188DB-3974-4F55-808A-90587179BBC3},3032.561401,228.9988388
130,Pf,Other,0.48264259,{740ABFCD-D62C-41CA-A613-67E8EA2B440D},1952.843384,179.7200658
131,PSS1C,Freshwater Forested/Shrub Wetland,0.77033575,{59C83224-18AF-47D5-B5D3-A28C43B163E8},3114.964127,225.4426507
132,PEMC,Freshwater Emergent Wetland,1.39299839,{C35CA964-82DC-4EEC-8524-0A9435F0684D},5633.865685,440.7009681
133,PABG,Freshwater Pond,0.42480789,{44971192-5353-4F90-BDBD-64560D862483},1718.452393,176.619758
134,PSS1C,Freshwater Forested/Shrub Wetland,3.16660993,{D116A0E7-542F-4357-92B0-0939C02129BB},12804.58943,468.771332
135,PEMC,Freshwater Emergent Wetland,0.2057445,{00862783-5D1C-4131-9DE1-59D8406F32A6},832.1931763,108.6404271
136,PFO1C,Freshwater Forested/Shrub Wetland,1.39485215,{15CA2B85-4A63-43AA-B82B-E6CDBF903F24},5641.647034,1010.059551
137,PEMC,Freshwater Emergent Wetland,0.58674029,{1BBC42A3-E76E-4801-AA89-750412D33972},2373.176926,185.5535072
138,PSS1A,Freshwater Forested/Shrub Wetland,0.93776585,{E529F9AA-A4E3-4ABC-A0E6-5D9B077FE9FE},3792.795723,284.3221589
139,PEMC,Freshwater Emergent Wetland,0.37181697,{2BF0654E-D208-4674-B37B-137FB7E5918A},1503.494095,143.7125703
140,PFO4B,Freshwater Forested/Shrub Wetland,49.37891932,{6440E619-908E-4B77-AD4C-9F613242D554},199671.598,2537.807998
141,PFO1C,Freshwater Forested/Shrub Wetland,0.22817753,{C7E59F59-4631-4161-B0DF-19890582503B},922.6687164,120.0837642
142,PFO/SSB,Freshwater Forested/Shrub Wetland,132.4236963,{EA300F6F-7869-4F00-9599-083829108AF0},535554.8071,5705.809834
143,PEMC,Freshwater Emergent Wetland,0.99300089,{E8EE4554-884F-4AF0-9BF3-FD924F79B980},4017.81044,238.5019605
144,PFOC,Freshwater Forested/Shrub Wetland,129.1348219,{E9FE430E-FA77-4CE4-BF47-9D2976D5FF90},522546.4858,8363.823722
145,PUBGx,Freshwater Pond,10.29739392,{7F028E4E-DAA6-4807-8720-22B4E66B55B3},41640.24397,1095.176464
146,PFO/SSB,Freshwater Forested/Shrub Wetland,0.83202574,{096C1CD5-C702-45C3-AA2D-DF7A8D4060C8},3368.371521,235.1510404
147,PEMC,Freshwater Emergent Wetland,0.28208751,{1C4DFD3C-9277-414D-874D-7D7F058CE1F6},1140.655075,145.9339396
148,PUBGx,Freshwater Pond,0.27101671,{E427C6C6-FC52-4282-80A3-C6A0E2553EFA},1096.00441,126.4804182
149,PFO1C,Freshwater Forested/Shrub Wetland,1.53654543,{64A5A8CD-A64C-4818-802E-DA09B1ECD2FF},6213.635284,411.6812928
150,PFO4/EM1B,Freshwater Forested/Shrub Wetland,8.6398048,{4C5CDC98-24D1-4673-9F9A-42F9AB075985},34960.15024,816.8883311
151,PFO1C,Freshwater Forested/Shrub Wetland,1.0587499,{3B39FB97-7213-4C18-BD92-3066C5CBD908},4284.177193,255.5795021
152,PFO1C,Freshwater Forested/Shrub Wetland,2.4400762,{D818E2C9-1ECE-4A8B-B74A-BDAB79514892},9866.935036,889.4587413
153,PEM/UBH,Freshwater Emergent Wetland,17.5910982,{733C5F5D-7B8C-41F9-B8C2-A17E032E0B17},71146.08389,1518.611284
154,PSS1C,Freshwater Forested/Shrub Wetland,18.35533629,{8E34D7C1-3553-445A-B221-A56C38D34D30},74245.68829,1508.583442
155,PEMG,Freshwater Emergent Wetland,0.38936273,{BB3326D1-C166-43A4-A8A1-CC9A2E5A0F64},1574.438446,158.1710118
156,PFO1C,Freshwater Forested/Shrub Wetland,1.77064742,{92CEBD45-B7AD-493F-AE83-1A0FBF0B74F8},7162.103737,477.1375728
157,PUBHx,Freshwater Pond,0.95426811,{FAA8CC18-C343-4770-B3B2-717638C12693},3860.103149,361.2008977
158,PFO1C,Freshwater Forested/Shrub Wetland,52.38864265,{721B91DF-3ADA-4B08-83F4-2EAE12FB393B},211862.2987,6911.531502
159,PFO1A,Freshwater Forested/Shrub Wetland,1.86882973,{32E26F84-076A-4FED-943F-B95CD4665EE5},7557.191559,384.0557436
160,PEMF,Freshwater Emergent Wetland,3.91209925,{40E9000B-3421-48FE-AC48-EC4E27730FDA},15819.78186,531.8275072
161,PFO4/1B,Freshwater Forested/Shrub Wetland,4.05646896,{FA8D50E4-6979-4933-AEA4-4BCF023BA341},16414.44521,541.2059239
162,PSS3B,Freshwater Forested/Shrub Wetland,0.24571392,{953E0A9B-1944-40D4-9481-F14029203CA9},993.7394714,118.9251929
163,PFO1C,Freshwater Forested/Shrub Wetland,4.50675311,{9997C19E-2ACB-4864-8179-5BFA1C2BC943},18225.28893,649.592971
164,PSS/FO1C,Freshwater Forested/Shrub Wetland,4.05331061,{12D48F58-8AB3-474E-AE78-438FEE38CE76},16390.33315,564.3886657
165,PFO/SSB,Freshwater Forested/Shrub Wetland,216.7278699,{5649828F-47C5-40C8-AE75-D47C629DB838},876370.1079,5614.695565
166,PUBG,Freshwater Pond,1.65726,{5CFA7830-99AF-44ED-B88C-DE4FF23F114F},6701.687378,380.1026924
167,PSSC,Freshwater Forested/Shrub Wetland,1.43783413,{4185B001-E806-4DC5-BF2A-726505CD6EF2},5814.106842,289.2706701
168,PSS1C,Freshwater Forested/Shrub Wetland,1.27431746,{8A581384-8626-40FB-9FAA-55A7FEA84B2D},5152.868515,382.6808415
169,PEMCd,Freshwater Emergent Wetland,0.23776989,{A852E8D4-F563-4248-9EFC-DA9744BEA75A},961.4517975,115.1212463
170,PSS1C,Freshwater Forested/Shrub Wetland,2.15951596,{EAA48C60-54E3-4F26-BE8A-778821BA5C4E},8732.80658,374.4035456
171,PSS/EMB,Freshwater Forested/Shrub Wetland,14.0795265,{0F617772-18CD-4BA1-9CC8-930BE3410C74},56969.79419,1225.71163
172,PEMB,Freshwater Emergent Wetland,9.67439943,{CFBBC405-F95B-493D-A0C5-AA5C1D25993E},39145.05997,1196.540813
173,PEMA,Freshwater Emergent Wetland,0.60634896,{42E35910-869D-46A8-B75C-7BEFE6B3821F},2451.934349,194.1237492
174,PUBGx,Freshwater Pond,0.16969652,{4C64B8AA-C543-469A-9958-2A9D0916E35C},686.2151489,103.5799977
175,PSS1C,Freshwater Forested/Shrub Wetland,0.29280433,{EFD45523-73AD-42AD-B72F-376362A66B89},1184.288055,279.5590073
176,PUBF,Freshwater Pond,0.37271858,{632FD105-AE56-4BA6-ACB1-E359B1257060},1507.142197,193.7218144
177,PFO1A,Freshwater Forested/Shrub Wetland,1.28038436,{4913AB6C-6149-4462-B9C0-789D26A7A425},5177.739075,295.9688112
178,PFO1A,Freshwater Forested/Shrub Wetland,1.16087303,{9C4F5E52-D7A1-4D24-8A6C-4909246842AA},4694.198929,265.9402013
179,PSS1C,Freshwater Forested/Shrub Wetland,0.38051462,{312257AD-8DA0-4E5E-AB70-EFE54575F7A2},1538.686958,146.0470587
180,PSS/EMB,Freshwater Forested/Shrub Wetland,245.610202,{2B79C853-AC1B-4D84-A069-7D0CB8B06C7B},993421.4636,13046.01252
181,PSS/EMC,Freshwater Forested/Shrub Wetland,10.76022252,{CB21A82F-5CA1-41D0-9867-8D12CB8C5D60},43514.65509,1236.730796
182,PUBG,Freshwater Pond,0.15450869,{C2D5E7A6-B192-4CC7-8B44-87A54D77644E},624.8049164,93.57662658
183,PFOB,Freshwater Forested/Shrub Wetland,1.89944877,{83E5DF1F-F324-4493-8C1C-5CA8E248D5B4},7681.080322,333.2632955
184,PSS1C,Freshwater Forested/Shrub Wetland,2.47865532,{A83CF3DA-5F2D-4C89-A2AB-306033DDA968},10023.71994,392.9442096
185,PSS1C,Freshwater Forested/Shrub Wetland,3.01986631,{1A622A42-8B78-438C-9222-18641DC9DA92},12211.2002,479.6362913
186,PSS3/1B,Freshwater Forested/Shrub Wetland,22.98114999,{D878A181-0166-4AC3-AF1B-5AE9463DBBEE},92928.20108,1881.793324
187,PSS1C,Freshwater Forested/Shrub Wetland,0.64144548,{A7AD1E01-63D2-435B-A9CD-18271226D8AE},2594.443176,228.9096055
188,PFOC,Freshwater Forested/Shrub Wetland,0.49805286,{5DF7593B-F71E-4B99-9C7C-5D23BC8B4147},2014.369232,169.0562563
189,PFO4/1C,Freshwater Forested/Shrub Wetland,6.83422237,{442DDB28-A8B9-4702-BE25-87201F8C1A0B},27638.13905,826.2962945
190,PEMC,Freshwater Emergent Wetland,0.39871759,{7B6EE48F-AC1A-4803-BDAD-8FBA2F64A1F9},1612.658623,166.0028248
191,PUBH,Freshwater Pond,3.38550938,{BFA86768-4F14-41A4-8430-AA8AC98C2484},13692.85172,598.6728385
192,PSSC,Freshwater Forested/Shrub Wetland,0.23236664,{8E0614DB-8AC1-4A9B-B0AA-35C2751AE2CC},939.8441162,112.9559192
193,PUBGh,Freshwater Pond,0.0731948,{3E2184EA-77ED-4557-9E19-90C9D059A585},295.9838562,67.90274449
194,PFO1C,Freshwater Forested/Shrub Wetland,1.27726468,{5B09FEA6-A343-4BAF-8400-58ABB59581CF},5166.5326,364.9061928
195,Pf,Other,0.13061348,{F194C324-1CFD-4511-9664-A10B2A2E1251},528.2269592,88.05622184
196,PFO1C,Freshwater Forested/Shrub Wetland,0.33594607,{E11E2388-2DA6-482B-B4F7-9688089908C1},1358.83152,138.6322901
197,PFO1A,Freshwater Forested/Shrub Wetland,0.47655931,{B5C58EDF-0E3D-4F49-821A-BBEC9B0D4938},1927.048431,175.0107232
198,PFO1F,Freshwater Forested/Shrub Wetland,4.65228999,{1DFDC5FF-69CC-4CA7-BE8D-6FB1D3742EC8},18840.58115,572.5749552
199,PSSC,Freshwater Forested/Shrub Wetland,1.46026118,{470C363E-269B-47F2-B5F0-1392992E9452},5908.651093,293.3302467
200,PUBF,Freshwater Pond,1.27641973,{9E8315D4-05F3-4223-B0F6-ABF0DC3EA100},5161.355865,280.7453874
201,PEMCd,Freshwater Emergent Wetland,1.57666383,{55F1DECC-3710-41A1-BD56-05EB367E45FC},6375.504822,324.4955219
202,PUBGx,Freshwater Pond,0.05356802,{78C6BDEE-FA92-43BE-84A3-90533A375D00},216.6178284,60.43570039
203,PFO1A,Freshwater Forested/Shrub Wetland,12.28659282,{98617663-9D88-4AF0-AC6B-D1245D111808},49684.10266,1268.057916
204,PFO1C,Freshwater Forested/Shrub Wetland,2.09286045,{D45548D7-1147-44F6-883A-A9D0BA33BFF5},8462.735733,392.5918546
205,PEMC,Freshwater Emergent Wetland,0.16565156,{171DF5F4-94D7-4C5A-B1F7-75349CC60F37},669.8364105,123.5964257
206,PFOB,Freshwater Forested/Shrub Wetland,107.365181,{8B296FFB-C93D-41AC-B69D-20D0EBF2469B},434370.9379,3211.925008
207,PEMC,Freshwater Emergent Wetland,0.52218984,{43301931-DDE3-4EF6-9E62-E6F816E36A4C},2111.670715,166.9472454
208,PSS1B,Freshwater Forested/Shrub Wetland,0.64484095,{468E0D89-5F4D-49FD-8B0B-DBE35D5C1B80},2608.163391,192.0956421
209,PEMA,Freshwater Emergent Wetland,1.78303495,{BE16BC00-95E5-42C5-8EA3-6A49FB625383},7210.143036,337.261577
210,PFO4C,Freshwater Forested/Shrub Wetland,57.32527341,{C73E0C5C-F399-457D-A24D-8188561E34F3},231865.9225,2897.064067
211,PEME,Freshwater Emergent Wetland,12.48814989,{76FC4222-7BE5-4D3D-90C8-17BA3BAEBC13},50510.41579,1438.916848
212,PUBGx,Freshwater Pond,0.56046547,{EF4BA05C-A971-4987-8853-11109A3ADBA0},2266.343399,210.8413885
213,PSS1C,Freshwater Forested/Shrub Wetland,0.36093314,{A0B49B49-44A3-454A-9B1A-A722340DA862},1459.770477,139.1385137
214,PEMC,Freshwater Emergent Wetland,1.23886892,{D5F892AD-1E81-476F-8DAA-02CBE9CC284F},5009.615128,314.6374959
215,PEMC,Freshwater Emergent Wetland,0.09985234,{E6A92EB8-AD9F-4CE9-A0AA-D9168F2E570B},401.9488297,71.15651622
216,PFOC,Freshwater Forested/Shrub Wetland,12.1534666,{4CEFEC62-34F4-456E-B942-ACA73883C082},49144.08698,861.5333088
217,PFO1A,Freshwater Forested/Shrub Wetland,14.65198138,{8B9AC100-CE55-490E-A6B2-9DB1169741A5},59263.38545,1655.778927
218,PUBGx,Freshwater Pond,0.86961538,{5CAA7100-7EFC-468D-9880-526FC70ECBE2},3516.416946,265.7549731
219,PEM/SS1C,Freshwater Emergent Wetland,6.56773744,{1228C03A-3F6B-4934-A3A5-26DF576ED5A2},26562.12823,1034.282295
220,PSS1B,Freshwater Forested/Shrub Wetland,34.97056834,{0779FD9A-559C-42F5-81C1-F297C8E59A47},141407.7,1793.376322
221,PEMB,Freshwater Emergent Wetland,1.12024336,{038FDC85-D8E2-441C-99D1-E5E8D58ABB55},4529.979721,270.893032
222,PFO/SSC,Freshwater Forested/Shrub Wetland,139.8562305,{EF5C016A-3919-4FBA-83E6-343323A37F77},565576.4464,7349.278225
223,PFO1C,Freshwater Forested/Shrub Wetland,1.20329154,{472443FB-36FC-4812-B5E3-DC8E2EA4EC89},4866.73111,353.986895
224,PFO1C,Freshwater Forested/Shrub Wetland,0.95838394,{1F8BD34C-38FF-423D-B2E9-DD8D464477F5},3875.624435,295.2326605
225,PFO4B,Freshwater Forested/Shrub Wetland,6.30385117,{338344E2-9DA3-4943-A040-0FE2B498D5C9},25490.44804,1191.857498
226,PEMC,Freshwater Emergent Wetland,13.47539549,{7CCECFB6-D62E-40F8-9BB7-8865E26D01A2},54496.75115,1775.572948
227,Pf,Other,0.29778122,{012AC448-B17C-466A-AF56-3DA606122C09},1204.282333,133.8313628
228,PEMF,Freshwater Emergent Wetland,0.30088787,{CF0DE1B5-CED8-4923-BDDC-C3B468131A43},1216.674759,154.9796001
229,PEMC,Freshwater Emergent Wetland,0.3654358,{43A7219D-6023-4183-8CC2-C765DEE1C016},1477.690994,146.2708741
230,PFOC,Freshwater Forested/Shrub Wetland,18.52087227,{4B24BF6A-DB30-4CFC-A69D-5C2556234FE8},74906.99742,1682.589214
231,PSSB,Freshwater Forested/Shrub Wetland,2.63487399,{46471A2C-E3C6-4E56-B41E-D684C2EC3D73},10658.48022,430.9063987
232,PFOB,Freshwater Forested/Shrub Wetland,0.57535781,{EE669C36-73FF-4159-A1F1-3B81588E5D1D},2326.656769,182.8591175
233,PFO1C,Freshwater Forested/Shrub Wetland,1.57530155,{B1F72AB9-4AD2-47CE-B105-E547E205D611},6371.653709,448.0646647
234,Pf,Other,0.1104606,{BE3BEECB-3610-4044-99F0-BBA33ECA0AEE},446.8189697,83.54207673
235,PSS1C,Freshwater Forested/Shrub Wetland,0.32946237,{0579F06E-6AB8-4F24-8064-3FB7193E7B5E},1332.222733,146.6855497
236,PSSC,Freshwater Forested/Shrub Wetland,2.12146226,{29B39E1F-A16E-452F-B538-06382D15C68C},8578.580032,514.990598
237,PAB4F,Freshwater Pond,1.5059984,{52B9224B-8E6B-4343-941B-1C76C6A14EA1},6090.586349,353.3913556
238,PUBGx,Freshwater Pond,0.4479899,{3361814C-66F9-487E-93EA-5EDDBB0F9849},1812.12677,203.347458
239,PSS1/FO1C,Freshwater Forested/Shrub Wetland,1.114,{5020E9B3-5895-4843-A312-1E688FFBD56C},4505.549652,248.6503141
240,PABG,Freshwater Pond,0.57713526,{D45EF422-8122-48BF-AE58-D0F1C23BEF7E},2334.638168,181.5794082
241,PUBHx,Freshwater Pond,0.31597102,{4C4C185F-F8B9-4D7E-96A1-F9F2266B85A1},1277.762787,141.1835461
242,PEMFb,Freshwater Emergent Wetland,0.55586384,{B72C344D-2614-4840-806D-BC008DF02B71},2248.703613,187.3200886
243,PFOC,Freshwater Forested/Shrub Wetland,123.1721091,{411037BF-566C-4A08-9E4D-3113E82B2555},498188.6966,5602.370141
244,PEMC,Freshwater Emergent Wetland,13.909581,{93786F8C-AF3C-4B2C-80FB-8003C22F0C76},56253.31765,2038.803647
245,PFO4B,Freshwater Forested/Shrub Wetland,19.77223252,{90758370-DE2A-45B4-802C-63EC0A0D9484},79952.06102,1721.045652
246,PSS1C,Freshwater Forested/Shrub Wetland,2.45572869,{B58EE635-0DDA-4800-BE9C-8A0E62FB1932},9930.872177,492.0223861
247,PSS/EMC,Freshwater Forested/Shrub Wetland,2.7273592,{64EABA66-4390-4860-A13E-E19700EB86A7},11037.77708,414.4279338
248,PFO4B,Freshwater Forested/Shrub Wetland,1.45420601,{B1118711-AD0F-4682-BD20-B6AB720FEC1D},5880.265244,325.2771218
249,PFO1A,Freshwater Forested/Shrub Wetland,1.0210487,{99B95AEC-35DB-4217-ADF9-B78302550185},4129.167953,302.4514402
250,PFO/SSC,Freshwater Forested/Shrub Wetland,26.23816013,{6A2F2997-AE4D-43D2-B42B-09CB1B214CCD},106100.7462,2525.940224
251,PFO/SSB,Freshwater Forested/Shrub Wetland,24.71281377,{4CBEE24C-85AD-4757-90A4-F6B70F3C1B7E},99952.00992,1438.218416
252,PEMC,Freshwater Emergent Wetland,0.09984777,{2DA67B54-C8F6-4D65-AC9F-5CF8F324F6AA},401.8213501,71.14988589
253,PSS1B,Freshwater Forested/Shrub Wetland,17.13261173,{48F1F2F2-BCD7-495D-A609-F0654F24F398},69289.24094,2218.959193
254,PSS1F,Freshwater Forested/Shrub Wetland,2.29533349,{4BC24BDF-26E5-4593-8277-C15FA7AEF602},9283.935776,459.6826359
255,PFO4B,Freshwater Forested/Shrub Wetland,107.2549888,{982AC184-21DC-4B6A-ABD5-5A4C50ECBD13},433700.2154,7902.978054
256,PSS/EMC,Freshwater Forested/Shrub Wetland,136.7274594,{D6E78BBB-D9F4-4F6D-A246-97E7A34A80D8},553154.4338,6893.585012
257,PSS3B,Freshwater Forested/Shrub Wetland,0.63278433,{5D16DC18-12D9-4087-A9D4-0541285001F8},2558.800209,187.1721616
258,PSS1/EMF,Freshwater Forested/Shrub Wetland,0.93256989,{02932E59-CB4C-4F2A-B616-C74DE1EF7250},3773.993534,334.9239271
259,PSS3B,Freshwater Forested/Shrub Wetland,1.57725683,{6FCB3444-88CD-4F20-ABFC-1A3B94FE5963},6377.858643,447.2953892
260,PUBF,Freshwater Pond,0.18851474,{A397C0A8-DD92-4FE2-8FEB-9FADF7503959},762.3413849,112.3813579
261,PFO1C,Freshwater Forested/Shrub Wetland,2.42044386,{28FA498B-D3A3-416E-9286-23653616E021},9788.06044,542.2522828
262,PUBGx,Freshwater Pond,1.74979619,{7EC79E24-9B9F-4E94-ABFF-56362B429727},7075.964745,584.4716152
263,PSS3B,Freshwater Forested/Shrub Wetland,7.14114907,{E837AC23-3FAD-4FC3-9083-60F869AF268F},28876.15302,1183.84635
264,PEMC,Freshwater Emergent Wetland,0.68285924,{27565E9C-E5F5-4C2B-965C-7A732F1E1945},2763.345734,198.2567102
265,PFO/SSB,Freshwater Forested/Shrub Wetland,14.38998693,{FBF62CBC-E611-4E97-924F-368FC7D9F3A0},58220.90991,1190.879171
266,PEMC,Freshwater Emergent Wetland,0.42708181,{9529FA8A-A00C-4258-98AE-70A440CBC997},1726.97699,156.8221665
267,PSS/EMC,Freshwater Forested/Shrub Wetland,4.82710957,{3EE2C477-787A-40CD-BAC5-216F30F2DD26},19534.34378,581.2673833
268,PUBF,Freshwater Pond,0.16079509,{5626BE67-AEF8-4E65-9B9C-D08A304F39B6},650.2025299,97.77356133
269,PSS1C,Freshwater Forested/Shrub Wetland,1.69861343,{1EE0CD2C-44AB-4DF0-97BD-25E414EB08BE},6869.161255,503.4361814
270,PEMC,Freshwater Emergent Wetland,0.09983359,{956C9C26-E9EA-45C8-A354-7394567A4F32},401.832016,71.1461928
271,PFO1/4B,Freshwater Forested/Shrub Wetland,3.79062695,{FFEE77C3-F128-4472-B84A-062F8E23ACDB},15327.8732,520.0572501
272,PSS1C,Freshwater Forested/Shrub Wetland,4.76472154,{F700491E-B737-4663-9244-5F6DEB07A984},19267.2626,636.1620447
273,PEMC,Freshwater Emergent Wetland,0.23247425,{DFBD4659-5556-4E25-BAE9-28E5EC11FAAE},940.0428162,123.4225891
274,PSS3B,Freshwater Forested/Shrub Wetland,0.33667822,{4575B678-2400-440F-9FE9-C8438AD42FAC},1361.62085,153.3893024
275,PFO1C,Freshwater Forested/Shrub Wetland,12.73438948,{34D70BE8-599B-4B15-A88C-1DBC193D84AF},51494.30777,1041.107097
276,PSS/EMC,Freshwater Forested/Shrub Wetland,18.36211885,{1BC16390-2F4E-412C-8C49-C3048B1BEDDC},74273.85263,2206.470824
277,PEMC,Freshwater Emergent Wetland,3.28210115,{7DD17AD4-B998-4CEF-9278-9EF1BF75C1AD},13272.22955,464.8424335
278,PSS3B,Freshwater Forested/Shrub Wetland,0.59201422,{AB12BDD7-1C09-426B-B734-A4D9826FD5A7},2394.143677,182.9628945
279,PEMC,Freshwater Emergent Wetland,37.20695069,{33C6FD23-244E-4796-996F-B3DCADE869AD},150451.1614,3286.188764
280,PEMC,Freshwater Emergent Wetland,0.48048309,{A17B35F9-E607-4853-8176-06F0F136FD86},1942.920013,213.8660382
281,PFO/SSC,Freshwater Forested/Shrub Wetland,131.5609319,{21EC6322-7DED-4B65-87F8-FEAD2778C429},532271.7029,8818.239778
282,PFO1C,Freshwater Forested/Shrub Wetland,6.84806224,{A2A92BBF-C492-4A24-9B2F-18E54491394E},27691.50847,1718.243079
283,PFO1A,Freshwater Forested/Shrub Wetland,6.58396512,{1D42546B-B9CA-429C-8E06-5CB8583B21C1},26623.66144,703.1799472
284,PSS1C,Freshwater Forested/Shrub Wetland,0.34144804,{E35DC47D-B591-41C7-911A-9AB0378BC2D6},1380.687958,143.2952477
285,PSS1C,Freshwater Forested/Shrub Wetland,0.80072876,{E7F8B54A-04B6-483A-BCA2-EEB0193C4CD1},3237.955856,303.130653
286,PUBGx,Freshwater Pond,0.33376451,{3A188519-B976-4217-950D-04D8461F7C65},1349.642487,136.4945975
287,PEMC,Freshwater Emergent Wetland,0.11642985,{06087415-99A3-4C71-9B5E-2FF93D319886},470.8115845,81.72336464
288,PSS1C,Freshwater Forested/Shrub Wetland,0.16019624,{37C5CF63-895D-462B-AC79-F4FE160F78FC},647.7831726,103.1478542
289,PFO/SSB,Freshwater Forested/Shrub Wetland,4.16786184,{1593FD39-AD62-4774-A3A4-5A118BD9994F},16858.29665,785.3453801
290,PEMCd,Freshwater Emergent Wetland,0.3825153,{E0C3FE60-C6DA-4EB4-9A99-BA8227D290E8},1546.852936,159.0068875
291,PEMC,Freshwater Emergent Wetland,5.99840168,{7CB80011-7B5E-47F7-A0D0-8AF57321A1B8},24258.85753,684.3236743
292,PUBGx,Freshwater Pond,0.22356322,{7CD15EB3-DD8A-4CB2-A848-0641EAAECB3E},904.0098724,118.8579015
293,PFO4B,Freshwater Forested/Shrub Wetland,5.24090416,{9E10DF43-25C8-4468-8282-E01F6452FCF1},21193.35201,692.7693425
294,PSS1F,Freshwater Forested/Shrub Wetland,0.41747411,{7577FEFF-6026-4EF4-90E1-4B2D93F68232},1688.341324,155.9005346
295,PEMC,Freshwater Emergent Wetland,0.21481017,{DBE322B9-6617-4ACB-8771-E6F3C0325330},868.9238129,112.3633461
296,PFO1/SS1C,Freshwater Forested/Shrub Wetland,2.89724756,{60BF85FE-8EB8-466D-8674-C47E6444490E},11732.78375,495.2639924
297,PSS3B,Freshwater Forested/Shrub Wetland,3.88151224,{0686A755-C16E-4A02-8875-120A4326A591},15700.50379,675.0967875
298,PFO1Cx,Freshwater Forested/Shrub Wetland,16.15761421,{0EECC325-28EF-4335-A143-AC7930FCB939},65373.11246,1783.977232
299,PUBGx,Freshwater Pond,2.69111878,{3271C8EC-9BBB-45B0-B94F-F4BDE741FD38},10886.9241,608.7656339
300,PFO1C,Freshwater Forested/Shrub Wetland,83.44501768,{0E16D6BD-D7DE-44F2-BE31-DDA2FD4D8C12},337457.3231,7329.058224
301,PEMC,Freshwater Emergent Wetland,0.35070966,{D557021B-3F3E-443E-AB6B-CDE40D290ED5},1418.36438,142.6588572
302,PSS3B,Freshwater Forested/Shrub Wetland,6.20918576,{42264B23-10C6-4F18-AFC5-2717B5C8D154},25109.09671,804.0275952
303,PFOC,Freshwater Forested/Shrub Wetland,2.15055188,{2C18D211-1539-4C08-B82A-1F3D21EF40D7},8696.805695,348.2745764
304,PEMCd,Freshwater Emergent Wetland,4.07762417,{EA408A9F-7E05-4895-A7AD-2903073CE0D7},16492.07368,647.4244129
305,PFO1C,Freshwater Forested/Shrub Wetland,9.60435801,{0E26FADD-55BE-4FF9-8AEA-C28AABD586CD},38838.36465,1108.561599
306,PSS/EMC,Freshwater Forested/Shrub Wetland,10.84995039,{F6BD23F4-5005-48A8-A4BA-BB7D4A2AC07B},43893.73003,1401.492592
307,PEMC,Freshwater Emergent Wetland,0.34327707,{599B4A49-C57F-481B-A9A5-867965DCD455},1388.082306,140.2785197
308,PFO1A,Freshwater Forested/Shrub Wetland,2.62090815,{486B12FC-EFF9-470F-AB62-D09F6D331F2B},10598.02777,539.8676603
309,PEMB,Freshwater Emergent Wetland,0.89765711,{F88F87D0-99D7-44DA-9F22-271EF4FD48DA},3629.868881,268.628209
310,PFO1C,Freshwater Forested/Shrub Wetland,0.21004851,{B397E58C-D3B7-497F-A965-0BE0934AF81D},849.4416733,119.7056724
311,PEMC,Freshwater Emergent Wetland,1.79130866,{8A31CC35-5B45-45A0-AE2A-23B60AC87CB6},7243.897156,387.8157827
312,PUBF,Freshwater Pond,0.32524759,{4FD020CE-334E-4A99-BC4C-B60B23CA7B64},1315.178108,138.2051117
313,PEMAd,Freshwater Emergent Wetland,2.25051616,{A9B30333-65FC-4C5A-BE79-1516CFD8D3FB},9101.52034,485.1835351
314,PFOB,Freshwater Forested/Shrub Wetland,6.41513624,{4C267CA9-3E79-42D9-8650-3BEE014A64E9},25943.9527,815.6392138
315,PUBGx,Freshwater Pond,0.14441427,{418D849B-C479-4DB9-BB67-51D0A1491DB6},584.2265015,101.5475004
316,Pf,Other,0.40038591,{A98B0460-C9E1-4E6F-8299-580280F06B70},1619.343277,169.7640497
317,PUBGx,Freshwater Pond,0.24317923,{C57FD286-42B7-41BB-8760-B07C5BD2840D},983.8428497,123.1663445
318,PUBH,Freshwater Pond,11.13597217,{E48B3397-CA4B-4C22-BF74-AE94F4E7C95F},45056.02304,1204.478138
319,PUBGx,Freshwater Pond,0.58249266,{41281463-2C8D-41A6-ACC3-27E68FD59512},2355.501923,183.4795494
320,PEMF,Freshwater Emergent Wetland,11.13253949,{A09525BF-B053-4BBA-9C60-A3F1489F70F5},45016.66395,1425.817527
321,PEMC,Freshwater Emergent Wetland,5.04443025,{3C652244-F535-4B88-8BE4-B1815A887404},20405.53011,920.5938663
322,PFOC,Freshwater Forested/Shrub Wetland,93.98947056,{6F2918DC-2402-424B-9435-58FF8C3A7FE7},380195.0652,4699.945841
323,PEMA,Freshwater Emergent Wetland,0.65232429,{A321F102-6C81-4A52-A442-65637049517B},2638.113861,222.9839887
324,PUBG,Freshwater Pond,0.84513859,{D300ACFF-409D-4C97-9B6B-C73AA1202FB5},3417.637726,234.4072598
325,PUBF,Freshwater Pond,0.9162682,{5D1A753D-6FB9-48B9-AAA2-397BC54A6302},3705.194412,350.2594509
326,PUBGx,Freshwater Pond,0.61482219,{BD4A9EED-4B04-4DA6-9AE9-4BA2BF331F19},2486.670135,343.5108739
327,PSS1C,Freshwater Forested/Shrub Wetland,0.35518053,{5E232C0A-DAFD-46CD-9045-7940B9B93FBF},1436.242264,156.2136112
328,PSSC,Freshwater Forested/Shrub Wetland,11.06186213,{1C8E705D-5E21-4150-8384-2621C271886B},44747.50134,1237.131053
329,PSS1C,Freshwater Forested/Shrub Wetland,0.62352328,{7C0D7543-CFFD-4180-94A2-F656D7C06133},2521.671486,262.5407604
330,PFO1B,Freshwater Forested/Shrub Wetland,2.41296751,{716A33F8-BDCF-4C06-8D17-45C3225DF3FC},9758.718506,460.6979065
331,PFO4B,Freshwater Forested/Shrub Wetland,21.96597462,{2924A129-2352-4390-B1DE-0DB011E10389},88891.7905,1650.111371
332,PEMC,Freshwater Emergent Wetland,0.61762033,{017455EE-302B-474E-A9E7-0E82DD1603D5},2498.132935,187.1332406
333,PEMC,Freshwater Emergent Wetland,1.34719768,{3BFBCAB4-B371-4F6D-9B34-9415CF969E07},5449.475433,275.4243865
334,PEMC,Freshwater Emergent Wetland,0.15800785,{B9449021-9BE5-4793-AE95-D0E83FD5215A},638.9653397,95.40062949
335,PFO1C,Freshwater Forested/Shrub Wetland,0.52564799,{B8DA1CD9-FF9E-4968-9204-E344CE761189},2126.15593,184.1966494
336,PSS1C,Freshwater Forested/Shrub Wetland,0.34288736,{A4EEE3E2-CB2B-4989-A6DC-160C9878A2CC},1386.504883,143.8694192
337,PUBH,Freshwater Pond,12.53553941,{9796C035-A634-4423-B4C4-D1E2D8D08131},50703.2666,1704.385337
338,PFO1Cx,Freshwater Forested/Shrub Wetland,29.24195044,{44002251-B725-4F79-9E77-BE3E4B4F85CD},118287.5237,2387.097489
339,PUBU,Freshwater Pond,0.10992931,{0B17E5CB-47BA-484C-97DC-5B6294B231AB},444.6386566,79.8871419
340,PFOC,Freshwater Forested/Shrub Wetland,0.30330781,{6B657ED4-E9D5-441C-8F78-E422EDA6758F},1227.911179,129.8156448
341,PFO1A,Freshwater Forested/Shrub Wetland,6.09420792,{7AFC40DD-8D6F-4C79-991D-DA1B7505ADFC},24648.3226,749.3904569
342,PUBHx,Freshwater Pond,0.17080007,{88CE85EF-7377-4A54-992F-E2F0EB25E05D},690.7939301,103.4585264
343,PEMC,Freshwater Emergent Wetland,1.03053485,{CA6B4C72-60B4-455E-8F1E-C3EE71C57211},4167.852966,314.5532944
344,PSS1F,Freshwater Forested/Shrub Wetland,0.44370421,{3FF36C0C-8FA5-4768-A86B-454CC346A098},1794.8769,185.3713399
345,PSS1/3B,Freshwater Forested/Shrub Wetland,155.2862404,{CBD42F88-E16F-43BD-9B1F-E4ED4D3A3F16},627995.3588,9145.843991
346,PEMCd,Freshwater Emergent Wetland,14.23075351,{D5455BED-6CA5-4DD5-BE1A-9EA5987A77FE},57543.9425,1650.139893
347,PUBG,Freshwater Pond,1.93541794,{748046E2-2C65-4368-9E9B-2C75131309FA},7827.009857,374.1278671
348,PFO1C,Freshwater Forested/Shrub Wetland,5.49896781,{DAFD031C-DFAF-46E7-9F95-1B1A726CC3A3},22242.51771,940.5613261
349,PEMC,Freshwater Emergent Wetland,1.56913518,{8311E7BA-21BE-4520-816C-B7205486AAE4},6345.021027,412.8755626
350,PSS1C,Freshwater Forested/Shrub Wetland,1.24687988,{557123F9-BD86-4062-BC0F-3F48BF8E28ED},5045.517761,370.3501767
351,PFO/SSC,Freshwater Forested/Shrub Wetland,44.41959237,{C83ADE95-4C87-4FE2-AFBA-731E0386151A},179722.5512,2750.256117
352,PEMC,Freshwater Emergent Wetland,2.85897334,{F0D9EEFD-A06B-4C3E-AE41-114C1914F92C},11560.65717,635.1046209
353,PSS/EMC,Freshwater Forested/Shrub Wetland,1.51541064,{B8B95E22-4447-4FE2-8540-1FA39F8DD6BE},6130.361786,373.7480954
354,PUBH,Freshwater Pond,0.59029542,{FF8134FD-3301-4C0B-83FA-49E52F856F6C},2386.935928,298.126382
355,PSS1B,Freshwater Forested/Shrub Wetland,8.17426648,{AC92918F-C2BC-49BF-829F-AFD1D12D285B},33065.84959,823.0708785
356,PSSC,Freshwater Forested/Shrub Wetland,6.60480133,{36CF7A74-9E26-46B7-9488-923FFC8C4349},26716.38995,817.3028954
357,PFO/SSB,Freshwater Forested/Shrub Wetland,6.8465886,{216A3400-B77E-48FB-B56B-1BFEB469C968},27689.4079,1146.606381
358,PSSC,Freshwater Forested/Shrub Wetland,2.01040206,{6829AB27-4EA7-479E-8658-81B8FF8553EC},8135.341888,350.705161
359,PFO1Cd,Freshwater Forested/Shrub Wetland,29.45809404,{29B93CA5-E0C3-4EDA-A255-9170F4D77D4F},119118.6916,1966.451542
360,PABG,Freshwater Pond,2.15694534,{913A6FDB-3F9B-42D7-BA78-47436BD7909E},8723.170654,398.0316718
361,PSSC,Freshwater Forested/Shrub Wetland,3.9897985,{19F5DCAB-6FB2-4FB9-BD29-4917FD0CC4F9},16143.22818,558.309019
362,PUBH,Freshwater Pond,1.11002043,{873F13E5-D4D6-4103-973C-C9FC354A58F8},4489.604996,250.8220451
363,PAB4F,Freshwater Pond,3.17460012,{98BEF491-8E5D-4AF1-972E-8BE593AE9DF6},12840.77335,667.393858
364,Pf,Other,1.88445941,{5A78C5CC-E89B-4B3F-A87E-B03151EF62F4},7620.540352,566.935027
365,PEMC,Freshwater Emergent Wetland,0.09986264,{2EE36D1B-811C-41EE-9868-ECCBA86499F3},401.9366684,71.15543484
366,PFO1C,Freshwater Forested/Shrub Wetland,0.47628343,{ECB5F24F-6148-4ADD-849A-8F41EB195AEC},1926.339272,200.8204975
367,PUBF,Freshwater Pond,0.20934445,{F895C0DC-08B2-4DA3-8634-44AAD2FCB857},846.5835876,120.3095198
368,PSSC,Freshwater Forested/Shrub Wetland,1.1245113,{87AA3ABE-FA85-4530-90D3-AE6CD57AB8B0},4549.414856,283.5988254
369,PSS1C,Freshwater Forested/Shrub Wetland,0.23301418,{38F42B43-84FE-44A0-93A3-236E57DB2F2A},942.2240448,121.177774
370,PFOB,Freshwater Forested/Shrub Wetland,3.38490909,{5FF5DB94-7E4F-4CA5-ADE8-F671990D771F},13689.44821,540.1197313
371,PFO1C,Freshwater Forested/Shrub Wetland,32.7891998,{6F617326-ACDC-444C-AC32-0F9A60DA650B},132587.5179,3109.211919
372,PEMC,Freshwater Emergent Wetland,0.57471996,{95C76F0B-8D0C-4400-87F8-6BE6AC2ADF8E},2324.084099,186.5082387
373,PFO1C,Freshwater Forested/Shrub Wetland,11.85748638,{DCB20479-A0B2-4AC7-8EDB-145856384710},47953.94539,1349.873479
374,PFO1A,Freshwater Forested/Shrub Wetland,3.57758255,{73910073-F3C9-4C8E-8F79-DE1D7D93B504},14466.65839,725.6322978
375,PFO4B,Freshwater Forested/Shrub Wetland,2.45138216,{89EAAB43-0986-4358-BAEE-F37456B259DC},9912.690796,491.3208033
376,PSS3B,Freshwater Forested/Shrub Wetland,1.32321129,{EFF03DD7-989D-4945-AB7C-C456B006E842},5351.276489,272.6460698
377,PEMC,Freshwater Emergent Wetland,0.57727234,{D074B1ED-7D07-45CC-8821-247510FC30F5},2334.325485,205.8404699
378,PFOC,Freshwater Forested/Shrub Wetland,14.3475406,{890AE8EF-72DD-4CBB-AFB4-0A03BB2DD51A},58065.83572,1399.617426
379,PFO1C,Freshwater Forested/Shrub Wetland,1.64376216,{347889C6-10D4-49BB-8F60-C0A98720B249},6646.987778,371.665394
380,PEMF,Freshwater Emergent Wetland,0.90414899,{FE179224-3EDE-4D89-8A2A-D33CF536E12D},3656.052277,231.4640099
381,PEMC,Freshwater Emergent Wetland,0.13516748,{AC23D156-D099-4EF9-AB8A-B8A388E6E938},546.6286774,102.0202937
382,PEMC,Freshwater Emergent Wetland,2.2688756,{27EE5EB8-A25A-42B6-ADBD-CE2C84A373CB},9179.969101,472.4745322
383,PFO1C,Freshwater Forested/Shrub Wetland,2.36235477,{8B165741-1333-43E7-A6A0-5B68C3E7F708},9552.620255,531.3623483
384,PFO1A,Freshwater Forested/Shrub Wetland,4.50566182,{71EE7D53-E2FB-45C0-93A2-0215575B39CD},18219.7975,838.5077711
385,PSS1C,Freshwater Forested/Shrub Wetland,1.10709518,{82EFB98C-0A8F-4058-A9B8-FA2D94CC5BFD},4477.967758,261.4095143
386,PEMC,Freshwater Emergent Wetland,0.6413562,{BBBF585E-214E-4792-AA16-DA2BF0D1AD79},2593.407494,217.5447836
387,PSS1C,Freshwater Forested/Shrub Wetland,0.17163801,{EFD93C0C-29DC-4002-9D67-795CB8F54020},694.0398865,105.6966383
388,PEMB,Freshwater Emergent Wetland,22.63941317,{670FB008-467F-457C-A692-5B91F01026B3},91551.26312,1549.176522
389,PEMC,Freshwater Emergent Wetland,6.68410395,{D5C6A2CB-410B-4553-8ECF-4E5FC9ED8710},27040.40906,1065.953873
390,PFO1C,Freshwater Forested/Shrub Wetland,4.69735933,{01CB65B9-8E7A-48D2-ADF6-32AF3465CBD6},18994.69356,575.4104206
391,PSSC,Freshwater Forested/Shrub Wetland,5.1118798,{CFBDBA2C-2D59-4BD1-9A4C-464AFFA95751},20678.45523,896.016859
392,PEMC,Freshwater Emergent Wetland,1.39506207,{9456C713-45D4-4992-A61B-CFF64094B46B},5641.112656,395.0728612
393,PEMB,Freshwater Emergent Wetland,13.28688531,{892B6792-7487-4CE7-B21C-DBA553056322},53768.06885,978.6150271
394,PEMC,Freshwater Emergent Wetland,15.29791887,{6B077D7C-1D48-4117-AECB-F408C228D001},61907.61099,1580.193252
395,PSS1C,Freshwater Forested/Shrub Wetland,3.52504203,{C19F0FD0-87F0-4FB0-AA88-E91A4669B11C},14254.47598,602.7467481
396,PUBGx,Freshwater Pond,1.26679585,{630E2159-5B09-420E-9A96-CFCC37F945FE},5123.069229,762.8825141
397,PSS1C,Freshwater Forested/Shrub Wetland,3.38899827,{76DB81B6-20D7-4B7D-A253-24FBA85867AF},13704.27905,577.19289
398,PEMC,Freshwater Emergent Wetland,0.25222346,{16A38BD7-EDDF-44AA-8D17-C75688CD6E5A},1019.978088,122.6726057
399,PFO4B,Freshwater Forested/Shrub Wetland,5.65580876,{CFF31401-56C4-4374-BD43-9382AE58CB20},22872.84047,1174.636789
400,PFO2Bd,Freshwater Forested/Shrub Wetland,18.93718248,{67BCD5BC-7625-49F9-BF10-4298AFF1AB39},76574.89189,1544.560706
401,PEMC,Freshwater Emergent Wetland,0.17632423,{942147DD-32F5-4B9D-A5A4-19F94A422114},712.9900513,98.2661709
402,PEMF,Freshwater Emergent Wetland,38.22213543,{E90BDFD1-0553-41C3-B940-D9D6DDC176A1},154560.1061,2544.807821
403,PFO1A,Freshwater Forested/Shrub Wetland,5.08063336,{4269C948-DC05-4019-8E13-D3A8B83880DA},20544.49289,576.7868004
404,PUBH,Freshwater Pond,0.34103284,{0F7557DC-8954-475D-99AB-7A482CBA85C6},1379.468979,159.6225398
405,PFO1C,Freshwater Forested/Shrub Wetland,8.23880658,{06A9E281-97D1-4070-8049-0958084AAAEE},33314.7084,847.8134157
406,L2EM2Gh,Lake,2.6666902,{22B96332-AB30-41E2-8DDF-532578FAED4D},10786.01376,531.8659017
407,PEMC,Freshwater Emergent Wetland,0.43627784,{8B53C301-AD19-487B-8121-00115A895729},1764.235229,171.0854691
408,PSS1C,Freshwater Forested/Shrub Wetland,0.19737125,{23B8193E-5A71-4929-94A4-873C664EA4D9},798.196167,118.5914295
409,PEMC,Freshwater Emergent Wetland,0.23273067,{DFC50CF4-379C-4359-B444-BC1F7BE15F98},941.1006165,115.6299198
410,PUBH,Freshwater Pond,3.75046134,{CF64AF80-445C-4BAF-8A00-6D8AD9269AEA},15165.47628,515.5696001
411,PSS1C,Freshwater Forested/Shrub Wetland,0.56393718,{05D9697A-1100-4D9A-BBFD-08C5A2928B33},2280.357285,223.0990567
412,PSSB,Freshwater Forested/Shrub Wetland,13.15515215,{502E9320-953E-45F2-A8FF-6662BBDDEA71},53197.86093,1306.977337
413,PUBG,Freshwater Pond,0.43938564,{51B4913B-D892-4D96-94CB-B108D908A7D7},1776.849983,181.008611
414,PSS1C,Freshwater Forested/Shrub Wetland,0.64219671,{410411CA-72FD-462C-A7EA-3747B1348515},2596.801758,263.1999324
415,PSSB,Freshwater Forested/Shrub Wetland,2.26258595,{05FA3462-3A3E-4FB2-A169-9E42160D2930},9152.187775,352.6227688
416,PFOC,Freshwater Forested/Shrub Wetland,12.5768927,{F7364CF3-05E5-47B9-B836-109F0C85C0ED},50904.19542,1248.72197
417,PFOC,Freshwater Forested/Shrub Wetland,2.87919479,{5807C224-4E16-4717-8A06-0CCE603B6EB0},11644.40186,683.2637233
418,PFO1A,Freshwater Forested/Shrub Wetland,4.48963888,{570F059E-187B-478B-A231-856A577643D2},18159.85327,682.9194324
419,PSSFb,Freshwater Forested/Shrub Wetland,10.47870721,{B0BF74C1-777A-4318-9778-B6528DD903BA},42375.32056,1107.673432
420,PSS1C,Freshwater Forested/Shrub Wetland,13.74750595,{11EEEBFC-EFEC-4EF0-87F3-73FDA710A060},55590.6918,1288.41164
421,PSS1C,Freshwater Forested/Shrub Wetland,27.31479036,{784E651C-08B6-4821-8197-FD19F31337FD},110452.5371,2455.437645
422,PFOB,Freshwater Forested/Shrub Wetland,27.11264266,{A711BF7D-8705-4766-868A-76B0D7427A08},109747.4656,1600.862839
423,PEMC,Freshwater Emergent Wetland,1.11293847,{AADE4973-C7B5-4D84-BD21-685FE55A24E7},4500.79509,400.2930327
424,PSS3/EMB,Freshwater Forested/Shrub Wetland,27.29423061,{3A1EAB1C-AC51-462B-AFDC-1B7B2254340A},110389.0515,2057.029634
425,PFO4B,Freshwater Forested/Shrub Wetland,8.7066424,{362246B2-A28A-4F28-9A03-9EAF1D75930D},35207.11671,1855.928431
426,PEMC,Freshwater Emergent Wetland,0.53448917,{4B28B39B-6E5B-4359-8058-6DCBC63DC946},2161.739426,229.9394614
427,PEMC,Freshwater Emergent Wetland,0.22224433,{A251608E-6C86-41CB-8DA9-FBFE2D3DFC5C},898.7062988,117.6264623
428,PSS/EMC,Freshwater Forested/Shrub Wetland,3.35953481,{7DB1A546-756D-4706-953E-7A35AEEF82EF},13594.33264,464.549369
429,PUBG,Freshwater Pond,0.13883134,{3ACFEB20-A188-4579-AF68-575C2BC130CD},561.3839645,87.96326621
430,PFOC,Freshwater Forested/Shrub Wetland,3.60359496,{D7DF6B2B-96B3-4B68-8056-B06FCC5726CA},14574.8165,537.6835279
431,PUBH,Freshwater Pond,0.37871939,{677D86A1-4A61-4D8D-9D0B-E0153ED93F8B},1531.431847,156.2210872
432,PEMA,Freshwater Emergent Wetland,0.25325378,{7E21601A-AB33-472A-A01B-861A6A0FB4C1},1024.09803,119.7234905
433,PUBF,Freshwater Pond,0.74925872,{A36AC5F0-711D-4C04-829A-E404B5C655AD},3030.107491,242.7121127
434,PUBH,Freshwater Pond,8.44327501,{57674A3E-830A-438A-89F9-2AC4E3D8AB93},34150.88702,781.5981849
435,PSS/EMC,Freshwater Forested/Shrub Wetland,1398.240337,{B7F4295B-55C5-4156-AF32-9966F23916AC},5654014.908,30081.97426
436,PSS3B,Freshwater Forested/Shrub Wetland,1.7025637,{29B17D9C-9002-4B04-8BD2-438E27112ABB},6884.521881,318.478987
437,PSSC,Freshwater Forested/Shrub Wetland,4.13308967,{F0AFFF0A-20DA-48A4-B6C5-7EC2D81CA606},16724.82095,544.0636599
438,PEMC,Freshwater Emergent Wetland,2.06028729,{93C231F6-BCC5-4521-B0EC-AE865400D2C5},8334.902786,438.2808109
439,PEMC,Freshwater Emergent Wetland,4.37341323,{B4610567-DA40-4FD9-BE87-D868DD1C20AB},17685.32341,647.5492384
440,PFO/SSC,Freshwater Forested/Shrub Wetland,12.16470159,{0C64B718-6B5A-417D-941D-5A2EA2104A7B},49221.22227,990.5368457
441,PUBG,Freshwater Pond,0.95112999,{BB5D65C4-433D-4E0B-B2F6-6EA724EFBCFA},3847.98201,292.7464729
442,PFO1C,Freshwater Forested/Shrub Wetland,1.65003949,{B6533BD3-4699-4206-A1A8-5501946920C8},6673.027466,379.8703306
443,PEMC,Freshwater Emergent Wetland,1.63536139,{5268E366-1435-4C95-A34C-EC243F439E74},6614.944519,360.8298553
444,PUBH,Freshwater Pond,1.5437287,{43A76ED1-2E82-4716-8031-C77CB3F9F18C},6244.416534,366.411034
445,PEMAd,Freshwater Emergent Wetland,7.87038053,{B8928378-5AD1-4A99-996D-F3E155FDB84C},31824.94389,1243.54223
446,PEMC,Freshwater Emergent Wetland,0.37183779,{1F97509C-94A6-4B9E-9F96-769584F5B91B},1505.107037,146.2058108
447,PEMC,Freshwater Emergent Wetland,1.4441494,{EE65F25B-FE21-402A-9F2A-93F87AF6F204},5840.080147,337.5690009
448,PFO1C,Freshwater Forested/Shrub Wetland,0.72607091,{83A1F477-636D-4B0D-910D-66AEE2677189},2936.488342,212.3606188
449,PEMC,Freshwater Emergent Wetland,10.76632607,{355E7FF3-760D-4DC9-883E-AF15FC52160D},43535.03207,1334.769466
450,PSSC,Freshwater Forested/Shrub Wetland,0.63689419,{379F0848-3905-4AA7-929A-1B2321AC6A4C},2576.045044,213.5855796
451,PFO1C,Freshwater Forested/Shrub Wetland,3.1935045,{00ED5101-F214-44D6-9C89-0C5FEEEEDA45},12914.85388,630.2401321
452,PFO1C,Freshwater Forested/Shrub Wetland,4.33710707,{CB250CC5-0BB6-4E18-806E-66898FBF62D6},17537.84616,768.2522515
453,PUBGx,Freshwater Pond,0.29055997,{5B91DBD5-5ECE-4BA7-A59E-30A77E0D2F50},1175.182892,138.2013182
454,PFO1B,Freshwater Forested/Shrub Wetland,0.4747567,{76A5FFEA-B39F-4BE1-A53C-7CA86427CF0B},1919.740402,169.0935968
455,PEMC,Freshwater Emergent Wetland,0.59706537,{D201FBFA-FE9D-4694-AC85-3CF56E607775},2415.664307,182.7291291
456,PSS1C,Freshwater Forested/Shrub Wetland,35.71871938,{EE51E621-8E06-41FA-8359-095CB13D8FAF},144437.2557,2664.364163
457,PSSC,Freshwater Forested/Shrub Wetland,0.84199387,{07BDA311-E83F-4937-AF5B-98975F85B21E},3405.938751,285.6732384
458,PSS1C,Freshwater Forested/Shrub Wetland,0.89212708,{22EF5DF3-468D-446A-93F3-13C8F79CE815},3608.174545,252.0063086
459,PEMC,Freshwater Emergent Wetland,1.49693648,{51CDE2A3-5E51-46AF-ACE1-00208EF52A4C},6053.05162,632.1039183
460,PEMF,Freshwater Emergent Wetland,0.85030127,{01FA7C31-13BA-49EE-8055-FF184480FD98},3438.828888,223.5415555
461,PSS1C,Freshwater Forested/Shrub Wetland,2.44619723,{CE663EF0-9B72-4CDD-88E3-2E6FDA721C46},9891.855026,482.6600699
462,PFO1C,Freshwater Forested/Shrub Wetland,172.6636827,{32834EC8-1995-4D1C-AB62-7EABAC7EAB40},698192.8433,10031.04652
463,PUBHx,Freshwater Pond,0.1398141,{2E78C7C9-8134-4E28-8B00-3617F7CDF1E4},565.5079041,91.07592475
464,PFO1A,Freshwater Forested/Shrub Wetland,2.16438497,{108006AD-76D3-45C7-BD11-705445F4CC2E},8751.972092,462.5679678
465,PFOC,Freshwater Forested/Shrub Wetland,2.46889513,{3225C4A4-6C84-462F-8816-4AA44728CF2E},9985.559799,463.3126582
466,PFO1C,Freshwater Forested/Shrub Wetland,1.49251633,{20D6F61A-0E44-4FB9-9DA2-D10FC5B73670},6035.261841,343.2119549
467,PFO1A,Freshwater Forested/Shrub Wetland,14.52254119,{0629AF4D-3EFE-4FC4-B80C-5DCEDA8A6253},58738.72389,1163.406541
468,PSSC,Freshwater Forested/Shrub Wetland,2.73696541,{D398B71B-1DED-4DD0-978D-DFBD60AA5533},11072.1277,597.5301088
469,PFOC,Freshwater Forested/Shrub Wetland,1.3921567,{104F9804-57EF-4DDD-965C-DAE90AE5E634},5631.122482,329.1950044
470,PSSC,Freshwater Forested/Shrub Wetland,0.36344423,{9FBC30D2-1D50-4AEC-AE88-B4523B7C361F},1469.970367,140.679414
471,PSS1C,Freshwater Forested/Shrub Wetland,2.62032367,{F2538D1D-1336-4A74-B2AE-A4BF420FF3CE},10598.51908,855.0016365
472,PFO/SSC,Freshwater Forested/Shrub Wetland,48.04551266,{ACD0BF92-AE2F-4C01-A5A1-984744CC4BAF},194386.8864,3093.353475
473,PUBGx,Freshwater Pond,0.1172326,{D4103E6B-F24F-4950-AC60-2C24E079D1D7},474.1029968,79.58474106
474,PUBGx,Freshwater Pond,0.49060563,{5B4864AE-AE8F-46B9-BCDF-6AC0AEE41E5D},1984.223991,171.9262683
475,PFO4C,Freshwater Forested/Shrub Wetland,47.60367963,{5B409466-55EA-486F-8655-3138114933FC},192548.3355,3017.546657
476,PFO1/4B,Freshwater Forested/Shrub Wetland,2.25672262,{6F898F20-261B-49AE-A3D5-B376253B8CDA},9125.335434,633.6596543
477,L2EM2G,Lake,0.96830957,{B3657DFA-0401-4B09-9F38-4B28DE6E2EF3},3916.605179,240.3884241
478,PSS1Ch,Freshwater Forested/Shrub Wetland,1.08122723,{F1E91377-D025-4B49-BF70-56DFF1752A37},4373.352264,276.2201936
479,PFO/SSB,Freshwater Forested/Shrub Wetland,2.81257813,{20327023-64BA-4EF7-AF94-9E2AA9CF38CD},11373.60081,400.3805582
480,PEMF,Freshwater Emergent Wetland,0.40909277,{700B8CF6-9F6A-4DC0-93DA-5B2BD2446526},1654.400253,159.3880179
481,L1UBH,Lake,26.30546211,{19DE64D9-39F6-489B-B77C-77FA87D68E84},106378.0138,1372.066633
482,PFO1B,Freshwater Forested/Shrub Wetland,2.83866107,{DFD556CF-C3C1-4B7C-B6FF-84D6E7B4D8DB},11479.29997,408.7689343
483,L1UBH,Lake,66.7676535,{6FF54DB2-C622-4DF6-9A05-E41306520377},270076.4985,2614.18988
484,PUBHx,Freshwater Pond,0.87923801,{C974D33D-676D-4C9F-B218-CDE9A5DA2957},3555.385384,248.4475984
485,PSSC,Freshwater Forested/Shrub Wetland,3.28059529,{9D04D6B8-B437-45F8-B153-1E4B2EAE5EE5},13266.52751,846.7203772
486,PUBGx,Freshwater Pond,0.41605763,{6327587D-B9E8-4464-AC63-D32DC2AA9F9A},1682.538208,163.6950795
487,PFOC,Freshwater Forested/Shrub Wetland,4.02192499,{966DD7A9-68BB-4DE4-A10B-5ADAAAF49074},16274.23334,616.8582687
488,PFO4B,Freshwater Forested/Shrub Wetland,2.04788625,{30373A2A-4F68-40F8-B469-5768D5A62B6A},8283.575531,420.952694
489,PSS1C,Freshwater Forested/Shrub Wetland,1.02898853,{B3CA4B65-74EC-4D6E-A9CF-44FD354A4024},4160.844513,241.461387
490,PFO1Ad,Freshwater Forested/Shrub Wetland,3.61916061,{D1F35529-8A02-48A1-AEAC-975B7E75EE90},14635.09953,736.2494675
491,PFO4B,Freshwater Forested/Shrub Wetland,2.26317439,{7B0C78B7-90B9-4219-B2B3-869B359562B0},9151.472275,509.2113118
492,PSS/EMC,Freshwater Forested/Shrub Wetland,4.88605428,{8F6B291E-6BB7-4582-89A6-8630D3EE2930},19769.97003,646.7973744
493,PEMC,Freshwater Emergent Wetland,0.33285706,{88F92460-67BD-4D78-BB79-E7B3A3105C4B},1346.300194,167.2758899
494,PFOB,Freshwater Forested/Shrub Wetland,73.81161712,{F20F4F2B-D874-4931-B607-C6EFDB344857},298861.7403,6422.835905
495,PFO1C,Freshwater Forested/Shrub Wetland,0.35639078,{AE13BA4A-5AFE-459A-A160-60FFD0636260},1441.286232,143.720251
496,PFO1C,Freshwater Forested/Shrub Wetland,4.15854014,{DC043BDB-9BF4-4B2A-AF8E-1D7B8E1CFCBA},16815.58385,541.5592701
497,PSSB,Freshwater Forested/Shrub Wetland,2.543838,{9AC08226-A651-47A1-95D7-9A448ABDEF4F},10289.09978,494.6479362
498,PSSC,Freshwater Forested/Shrub Wetland,7.11615803,{549B2349-59C6-4D74-98B9-4BF3CC00EAF2},28777.06679,834.9213987
499,PFO1Cd,Freshwater Forested/Shrub Wetland,2.26814892,{7774FE1B-CD52-4900-91A4-1638A9A5BBAE},9174.945442,373.4403551
500,PFOC,Freshwater Forested/Shrub Wetland,209.5717634,{CECCD818-CCCA-4329-A3CC-CB769CED0399},847781.4724,8387.406988
